item_id,id,date,p10,p50,p75,p90,mean
204. 국회의사당역 5번출구 옆,st-50,2021-12-02T00:09:00Z,12.480349092298237,14.150385912522678,16.355608197088095,17.455064444311052,14.5319601685303
204. 국회의사당역 5번출구 옆,st-50,2021-12-02T00:10:00Z,12.23729774506947,14.198620273441728,15.15066366472362,17.077273966420208,14.368396614419419
204. 국회의사당역 5번출구 옆,st-50,2021-12-02T00:11:00Z,12.261467574157363,14.281134658346835,16.584316804420656,17.615093181414117,14.557439564090787
204. 국회의사당역 5번출구 옆,st-50,2021-12-02T00:12:00Z,12.21847803955355,14.341650382204822,15.32212315315341,17.394337097479152,14.537081929891928
204. 국회의사당역 5번출구 옆,st-50,2021-12-02T00:13:00Z,12.11444080351885,14.084217113638067,15.029343999375456,17.323949845957888,14.297317778193888
204. 국회의사당역 5번출구 옆,st-50,2021-12-02T00:14:00Z,12.058320862523459,14.338166260962195,15.322239240188207,17.557794710627334,14.5248942811045
204. 국회의사당역 5번출구 옆,st-50,2021-12-02T00:15:00Z,11.636265283607571,14.075173912323072,15.17334258762926,17.490416748928492,14.326511579125784
204. 국회의사당역 5번출구 옆,st-50,2021-12-02T00:16:00Z,11.910145452595172,14.080274098626548,15.308407584937367,17.51881075816927,14.360098552398167
204. 국회의사당역 5번출구 옆,st-50,2021-12-02T00:17:00Z,11.665385816274021,14.38691231674406,16.833758257871708,17.63826217127264,14.710179140134525
204. 국회의사당역 5번출구 옆,st-50,2021-12-02T00:18:00Z,11.69950480767769,14.461123589606522,16.924070444743425,18.017375896791687,14.773343829090651
204. 국회의사당역 5번출구 옆,st-50,2021-12-02T00:19:00Z,10.85220321970827,13.848295035722554,16.407523449066684,17.460810055705533,14.06292058155739
204. 국회의사당역 5번출구 옆,st-50,2021-12-02T00:20:00Z,11.553789450176176,14.360104951454955,15.468906268453557,18.10298827886764,14.554165449322877
204. 국회의사당역 5번출구 옆,st-50,2021-12-02T00:21:00Z,11.612155772669125,14.29074786842365,15.390722390036283,17.79666563615728,14.518135552864173
204. 국회의사당역 5번출구 옆,st-50,2021-12-02T00:22:00Z,11.31507242313843,14.380842592754428,15.513779890572579,17.83466536064047,14.591200989371353
204. 국회의사당역 5번출구 옆,st-50,2021-12-02T00:23:00Z,11.47615058042651,14.410381404218775,17.033248167142716,17.959159804266683,14.699889617319881
204. 국회의사당역 5번출구 옆,st-50,2021-12-02T00:24:00Z,11.595351881305126,14.512205489250217,17.06498286093262,18.00691962803836,14.7785636566841
204. 국회의사당역 5번출구 옆,st-50,2021-12-02T00:25:00Z,11.445643902985324,14.58415291993987,15.762626207498684,18.11586009548275,14.66576717426895
204. 국회의사당역 5번출구 옆,st-50,2021-12-02T00:26:00Z,11.640175188335313,14.458948566439357,17.113533846367215,18.286530895130298,14.854257773261777
204. 국회의사당역 5번출구 옆,st-50,2021-12-02T00:27:00Z,11.361849905110745,14.479271782907485,15.605921623001718,18.182532906591906,14.54229437525063
204. 국회의사당역 5번출구 옆,st-50,2021-12-02T00:28:00Z,11.529442956632947,14.471462293949896,15.6413148450931,18.012489913261213,14.505817996777818
204. 국회의사당역 5번출구 옆,st-50,2021-12-02T00:29:00Z,11.636365942330007,14.58720665948165,15.861978747432739,18.35853147655113,14.762093536884725
204. 국회의사당역 5번출구 옆,st-50,2021-12-02T00:30:00Z,11.150933707813275,14.512702237172139,15.860072660735177,18.223948883092977,14.653760521461052
204. 국회의사당역 5번출구 옆,st-50,2021-12-02T00:31:00Z,11.149404354961844,14.592478520138204,15.771898738591554,18.460376319710385,14.731459293502954
204. 국회의사당역 5번출구 옆,st-50,2021-12-02T00:32:00Z,11.324887886771473,14.39459194520125,15.707122359093546,18.209685656749148,14.46790820641075
204. 국회의사당역 5번출구 옆,st-50,2021-12-02T00:33:00Z,11.374297288787966,14.504976188477283,15.87044590694327,18.307323736637564,14.630816413070425
204. 국회의사당역 5번출구 옆,st-50,2021-12-02T00:34:00Z,11.307499833269004,14.415747363236076,15.803291175306036,18.391987133346543,14.521002645753814
204. 국회의사당역 5번출구 옆,st-50,2021-12-02T00:35:00Z,11.56624272792013,14.516849733906126,15.907486560886337,18.31270010731901,14.679679491498131
204. 국회의사당역 5번출구 옆,st-50,2021-12-02T00:36:00Z,11.313325184499414,14.491548399325596,15.748274194532605,18.378393597038745,14.441152099632573
204. 국회의사당역 5번출구 옆,st-50,2021-12-02T00:37:00Z,11.486299837593405,14.531767661119444,15.98904502114705,18.44815505495387,14.636428966955485
204. 국회의사당역 5번출구 옆,st-50,2021-12-02T00:38:00Z,11.398803709102118,14.5550918304378,15.828853538997405,18.553462327268278,14.521100194083058
204. 국회의사당역 5번출구 옆,st-50,2021-12-02T00:39:00Z,11.348653398669088,14.40478320918439,15.871470187019511,18.35772847847811,14.626232227051906
204. 국회의사당역 5번출구 옆,st-50,2021-12-02T00:40:00Z,11.233477341023576,14.42116927499448,15.651621692590352,18.316927575352853,14.419124927397267
204. 국회의사당역 5번출구 옆,st-50,2021-12-02T00:41:00Z,11.180427693206774,14.318646232441843,15.661414537590849,18.245944270958887,14.340158811507365
204. 국회의사당역 5번출구 옆,st-50,2021-12-02T00:42:00Z,10.999686751381663,14.331477571757823,17.102549630413645,18.42435232968503,14.708416359279227
204. 국회의사당역 5번출구 옆,st-50,2021-12-02T00:43:00Z,11.088127751028596,14.301019796827493,15.631516336996812,18.298310795967225,14.371414817059378
204. 국회의사당역 5번출구 옆,st-50,2021-12-02T00:44:00Z,11.123608812342257,14.31555051675754,15.887758126609402,18.429930270888754,14.437318561468352
204. 국회의사당역 5번출구 옆,st-50,2021-12-02T00:45:00Z,11.096991845618996,14.287990053291523,15.758314201193029,18.50296938703412,14.497048182003931
204. 국회의사당역 5번출구 옆,st-50,2021-12-02T00:46:00Z,11.2840160341091,14.40300297410628,15.786939062984773,18.48595580583688,14.55527930775762
204. 국회의사당역 5번출구 옆,st-50,2021-12-02T00:47:00Z,10.861798762147084,14.302076519686999,15.922495683121042,18.876693086650842,14.535471129456747
204. 국회의사당역 5번출구 옆,st-50,2021-12-02T00:48:00Z,10.93970452663633,14.289588010977207,16.02711684662691,18.69669265565794,14.5020870740928
204. 국회의사당역 5번출구 옆,st-50,2021-12-02T00:49:00Z,11.180514443296877,14.387683238315578,15.937233593902747,18.63933190618259,14.536849664896376
204. 국회의사당역 5번출구 옆,st-50,2021-12-02T00:50:00Z,10.801543213150767,14.304708577632638,15.73953558480154,18.62866877679541,14.260817612785878
204. 국회의사당역 5번출구 옆,st-50,2021-12-02T00:51:00Z,11.020413394241286,14.277325518024803,15.674650668827606,18.63143127943375,14.392322411905756
204. 국회의사당역 5번출구 옆,st-50,2021-12-02T00:52:00Z,11.095129818397702,14.379419958477772,16.1019554171304,18.835357521145475,14.56249092007661
204. 국회의사당역 5번출구 옆,st-50,2021-12-02T00:53:00Z,10.904725611667262,14.055596153647764,16.081747253143348,19.17660509057273,14.393001963197557
204. 국회의사당역 5번출구 옆,st-50,2021-12-02T00:54:00Z,10.999072675176702,14.344298671017416,17.240219180287465,18.933196079043558,14.653365708348137
204. 국회의사당역 5번출구 옆,st-50,2021-12-02T00:55:00Z,10.864609814361398,14.367165069610763,17.507323066753333,19.23330687456134,14.70272028627264
204. 국회의사당역 5번출구 옆,st-50,2021-12-02T00:56:00Z,11.034931204767393,14.393726368920603,16.227063123014947,19.046156344335284,14.640766968905675
204. 국회의사당역 5번출구 옆,st-50,2021-12-02T00:57:00Z,11.10441021018459,14.295838813568606,15.939878556074628,18.790761222058862,14.368559041188874
204. 국회의사당역 5번출구 옆,st-50,2021-12-02T00:58:00Z,11.029791088947038,14.457572826623972,16.278713561326803,19.429192845510375,14.716155004393014
204. 국회의사당역 5번출구 옆,st-50,2021-12-02T00:59:00Z,10.82090649966501,14.299926226212992,16.241583323583466,19.1647983515054,14.436289795617414
204. 국회의사당역 5번출구 옆,st-50,2021-12-02T01:00:00Z,10.631447439703269,14.342615697287847,17.348378625217066,19.395961838499133,14.74293379975031
204. 국회의사당역 5번출구 옆,st-50,2021-12-02T01:01:00Z,10.69339485690834,14.16019711042544,16.098118590041928,18.902705504017078,14.348623511523027
204. 국회의사당역 5번출구 옆,st-50,2021-12-02T01:02:00Z,10.77265272487075,14.09655137163435,16.2025954632504,19.27549497611354,14.462169487357242
204. 국회의사당역 5번출구 옆,st-50,2021-12-02T01:03:00Z,10.583920808181894,14.155655611225749,16.183158687696476,19.33653000954558,14.459780698892263
204. 국회의사당역 5번출구 옆,st-50,2021-12-02T01:04:00Z,10.513913055517229,13.966358453640039,17.18882194799232,18.983285719477745,14.282981667605746
204. 국회의사당역 5번출구 옆,st-50,2021-12-02T01:05:00Z,10.088184423428316,13.457806384395552,15.830510544722323,18.904670852777393,13.755844780069975
204. 국회의사당역 5번출구 옆,st-50,2021-12-02T01:06:00Z,10.460864488352987,13.853126969666496,15.926047440958584,19.068311813428732,14.070355612240414
204. 국회의사당역 5번출구 옆,st-50,2021-12-02T01:07:00Z,10.256212803773282,13.752123225124677,16.052189233947622,19.068302263981288,14.120454523823884
204. 국회의사당역 5번출구 옆,st-50,2021-12-02T01:08:00Z,10.43207996137025,13.94684239667363,16.190622666251166,19.383945410872037,14.243478905412145
204. 국회의사당역 5번출구 옆,st-50,2021-12-02T01:09:00Z,10.33649463218729,13.836114753021299,17.266299055497345,19.413799300581264,14.236646961441242
204. 국회의사당역 5번출구 옆,st-50,2021-12-02T01:10:00Z,10.258968041541706,14.021420562470066,16.184922080195605,19.168277388148642,14.221052227453356
204. 국회의사당역 5번출구 옆,st-50,2021-12-02T01:11:00Z,10.26599922916421,13.874636191308339,16.16980068867468,19.792158294339853,14.204446705051616
204. 국회의사당역 5번출구 옆,st-50,2021-12-02T01:12:00Z,10.304149299462882,14.065178254722117,17.626686060230117,19.47153302952572,14.433968643044164
204. 국회의사당역 5번출구 옆,st-50,2021-12-02T01:13:00Z,10.164432377742152,13.925802862472406,16.249997174997826,19.527232614170885,14.127468259487344
204. 국회의사당역 5번출구 옆,st-50,2021-12-02T01:14:00Z,9.954583504724495,13.658953850945318,16.116111851689602,19.45108056601855,13.904845321069507
204. 국회의사당역 5번출구 옆,st-50,2021-12-02T01:15:00Z,9.621408206871854,13.340759397433569,15.807306716211098,19.544204794314666,13.442757859026349
204. 국회의사당역 5번출구 옆,st-50,2021-12-02T01:16:00Z,10.272222707460223,14.138532987233704,16.51478182723345,20.064742251472,14.346082767247452
204. 국회의사당역 5번출구 옆,st-50,2021-12-02T01:17:00Z,9.876351838836635,13.762817678766332,16.16071169666335,19.52544063368242,13.845657710800783
204. 국회의사당역 5번출구 옆,st-50,2021-12-02T01:18:00Z,8.948618519395273,13.083710403027364,15.764800799264002,19.48984282072587,13.196637670533738
204. 국회의사당역 5번출구 옆,st-50,2021-12-02T01:19:00Z,8.366241065951746,12.273800307762235,15.05885126238755,18.74889462207065,12.39196995021685
204. 국회의사당역 5번출구 옆,st-50,2021-12-02T01:20:00Z,9.613910023222424,13.731047557427535,16.134933658553877,19.665036013738206,13.911780168892502
204. 국회의사당역 5번출구 옆,st-50,2021-12-02T01:21:00Z,10.17896706569941,14.191993208514074,16.601148644388445,19.86063441456341,14.38069356309611
204. 국회의사당역 5번출구 옆,st-50,2021-12-02T01:22:00Z,10.14500252036981,14.29259302850989,18.041974977770124,20.141180125434026,14.6020188096855
204. 국회의사당역 5번출구 옆,st-50,2021-12-02T01:23:00Z,10.12417720277661,14.126727558004584,16.579345266940024,20.114758640850837,14.377105229721126
204. 국회의사당역 5번출구 옆,st-50,2021-12-02T01:24:00Z,9.812034676855856,13.873479863046292,16.505010242501722,20.04151840676326,14.056604697204186
204. 국회의사당역 5번출구 옆,st-50,2021-12-02T01:25:00Z,10.240135728419572,14.351153626604571,16.83477739046237,20.138804899966708,14.489958497785725
204. 국회의사당역 5번출구 옆,st-50,2021-12-02T01:26:00Z,10.015734002166997,14.29150089120811,16.801922188774974,20.189621001612736,14.393486923127394
204. 국회의사당역 5번출구 옆,st-50,2021-12-02T01:27:00Z,10.13291702949529,14.356202964671242,18.19100070782273,20.211143473885894,14.595438437924575
204. 국회의사당역 5번출구 옆,st-50,2021-12-02T01:28:00Z,10.361981712173128,14.504276659399718,16.987908008397135,20.479994756895238,14.70231954190444
204. 국회의사당역 5번출구 옆,st-50,2021-12-02T01:29:00Z,10.173753016928037,14.455737939974544,16.947184459886525,20.25817689266465,14.529770551833892
204. 국회의사당역 5번출구 옆,st-50,2021-12-02T01:30:00Z,10.229021606601327,14.483628834938019,16.822314997404078,20.273568516564982,14.546122182946043
204. 국회의사당역 5번출구 옆,st-50,2021-12-02T01:31:00Z,10.32256646231039,14.504437452598065,18.525584650071163,20.232223236025675,14.847280051466015
204. 국회의사당역 5번출구 옆,st-50,2021-12-02T01:32:00Z,10.512299557115677,14.64981661559619,18.463250670622255,20.44933937754819,14.826552409257582
204. 국회의사당역 5번출구 옆,st-50,2021-12-02T01:33:00Z,10.379468121982255,14.599293262230852,17.113173812088732,20.343128024954837,14.773846610208148
204. 국회의사당역 5번출구 옆,st-50,2021-12-02T01:34:00Z,9.746597230942802,14.02147723041045,16.64847392197818,20.321679570322505,14.063641734615539
204. 국회의사당역 5번출구 옆,st-50,2021-12-02T01:35:00Z,10.434654208345764,14.734251820486366,17.21739766924332,20.580636006063923,14.794720496092356
204. 국회의사당역 5번출구 옆,st-50,2021-12-02T01:36:00Z,10.266016097142504,14.498636889774893,18.356739527453268,20.365668958869,14.816011999519493
204. 국회의사당역 5번출구 옆,st-50,2021-12-02T01:37:00Z,10.39690517103783,14.524584100659261,17.04701249492831,20.48631964214527,14.789857027793595
204. 국회의사당역 5번출구 옆,st-50,2021-12-02T01:38:00Z,10.201839070588917,14.590579808860618,17.06526734620043,20.614615106438364,14.7873859369089
204. 국회의사당역 5번출구 옆,st-50,2021-12-02T01:39:00Z,10.233327250486573,14.62887427099131,16.965391768448427,20.28856454365339,14.624351961105077
204. 국회의사당역 5번출구 옆,st-50,2021-12-02T01:40:00Z,10.436534420813958,14.712276455246116,18.50028675671599,20.610544761852694,14.983209645540336
204. 국회의사당역 5번출구 옆,st-50,2021-12-02T01:41:00Z,10.219829309999774,14.463311984469001,16.87023705752456,20.40077211280028,14.553299232586701
204. 국회의사당역 5번출구 옆,st-50,2021-12-02T01:42:00Z,10.31987554711397,14.694552816454081,18.514281514335305,20.48952505954592,14.978482294807574
204. 국회의사당역 5번출구 옆,st-50,2021-12-02T01:43:00Z,10.112680159821748,14.61351666530226,17.036446313987415,20.49486548755651,14.69824067498632
204. 국회의사당역 5번출구 옆,st-50,2021-12-02T01:44:00Z,10.60862887465025,14.776355923660784,17.10958015536377,20.763302562934236,14.799145530582958
204. 국회의사당역 5번출구 옆,st-50,2021-12-02T01:45:00Z,9.515408676717621,13.879645504151808,18.11317144096459,20.46737094268618,14.15013154702
204. 국회의사당역 5번출구 옆,st-50,2021-12-02T01:46:00Z,10.39221649041836,14.756769762932764,17.28325406257703,20.715531156979434,14.878355001622154
204. 국회의사당역 5번출구 옆,st-50,2021-12-02T01:47:00Z,9.753255913409715,14.051995152081666,16.513130739574798,20.343105426882737,14.094255343965319
204. 국회의사당역 5번출구 옆,st-50,2021-12-02T01:48:00Z,9.607157591199375,13.987129157655339,18.057952227090247,20.59413892305416,14.2626380832254
204. 국회의사당역 5번출구 옆,st-50,2021-12-02T01:49:00Z,10.116108216355872,14.559850070815546,17.30353918078749,20.798595110005802,14.748584854923454
204. 국회의사당역 5번출구 옆,st-50,2021-12-02T01:50:00Z,10.99525161891085,15.46122600533974,17.67385003128674,21.192648424811438,15.535299992043647
204. 국회의사당역 5번출구 옆,st-50,2021-12-02T01:51:00Z,10.650867770336736,15.070350282130843,17.628339937478756,21.015611877005828,15.333812836427457
204. 국회의사당역 5번출구 옆,st-50,2021-12-02T01:52:00Z,10.49881216132764,14.862092679735724,17.64791338793995,21.12027149740599,15.059285476593372
204. 국회의사당역 5번출구 옆,st-50,2021-12-02T01:53:00Z,11.112938279716241,15.612678464640213,19.183338974608837,21.41118555022721,15.8693298324975
204. 국회의사당역 5번출구 옆,st-50,2021-12-02T01:54:00Z,10.86111393381941,15.310005129245976,19.02524992004074,21.522151166172243,15.689129004566002
204. 국회의사당역 5번출구 옆,st-50,2021-12-02T01:55:00Z,11.151680666280793,15.678905752881716,17.948161588141165,21.26529138716511,15.74411731722625
204. 국회의사당역 5번출구 옆,st-50,2021-12-02T01:56:00Z,11.179490548129024,15.542161625401716,19.353325268553686,21.74406156979633,16.014738591130886
204. 국회의사당역 5번출구 옆,st-50,2021-12-02T01:57:00Z,10.819626904928697,15.392273103043909,19.04126957376583,21.61544365593042,15.618623983236434
204. 국회의사당역 5번출구 옆,st-50,2021-12-02T01:58:00Z,10.696172516849508,15.289732479703584,18.960360738709685,21.227487547765016,15.441780819052177
204. 국회의사당역 5번출구 옆,st-50,2021-12-02T01:59:00Z,10.780151816052545,15.339060237373452,19.080693079614502,21.343756293163146,15.525913264033381
204. 국회의사당역 5번출구 옆,st-50,2021-12-02T02:00:00Z,11.256425866519715,15.681487702258686,17.929593846284835,21.428987159604592,15.786017184508331
204. 국회의사당역 5번출구 옆,st-50,2021-12-02T02:01:00Z,10.81395348531688,15.23793817343969,19.353309238375257,21.654087930828176,15.63104691467333
204. 국회의사당역 5번출구 옆,st-50,2021-12-02T02:02:00Z,10.807229858485826,15.314134666753239,17.883259175086533,21.71221195803616,15.642286412273439
204. 국회의사당역 5번출구 옆,st-50,2021-12-02T02:03:00Z,10.800013494261659,15.484434868704106,19.298566217150753,21.684849875722445,15.841488899304782
204. 국회의사당역 5번출구 옆,st-50,2021-12-02T02:04:00Z,10.854736195382642,15.643242071395202,18.160993251442846,21.591971663402386,15.789814261431985
204. 국회의사당역 5번출구 옆,st-50,2021-12-02T02:05:00Z,11.274401732069904,16.12141055648771,19.670647759344728,21.814941322664957,16.3984112074352
204. 국회의사당역 5번출구 옆,st-50,2021-12-02T02:06:00Z,10.724676102314595,15.498399078028978,19.363936189033367,21.950926770730554,15.84371190974227
204. 국회의사당역 5번출구 옆,st-50,2021-12-02T02:07:00Z,10.733821685243198,15.628241868860675,19.572903308139225,21.9905787018902,16.052229231795007
204. 국회의사당역 5번출구 옆,st-50,2021-12-02T02:08:00Z,10.765394373660932,15.78430731324342,18.215484984461558,21.640606468568063,16.01552409491031
204. 국회의사당역 5번출구 옆,st-50,2021-12-02T02:09:00Z,10.553830350386582,15.76241932127204,18.260536938102288,21.644916769922503,15.95202287756897
204. 국회의사당역 5번출구 옆,st-50,2021-12-02T02:10:00Z,10.794471719462674,15.714345693524,18.329134623874857,21.80459843870864,16.083004146563667
204. 국회의사당역 5번출구 옆,st-50,2021-12-02T02:11:00Z,10.629591195918088,15.693880658336862,18.41681076208106,22.182194974754502,16.083944979911625
204. 국회의사당역 5번출구 옆,st-50,2021-12-02T02:12:00Z,10.502957488829637,15.753223968986612,19.730611692935557,21.757124790599562,16.047715114676446
204. 국회의사당역 5번출구 옆,st-50,2021-12-02T02:13:00Z,10.763108958785166,16.066517753915875,18.64168987258126,22.301642960201452,16.384564475575402
204. 국회의사당역 5번출구 옆,st-50,2021-12-02T02:14:00Z,10.613409999992964,16.004536421516345,18.620747695366713,22.03367885192288,16.282298246508596
204. 국회의사당역 5번출구 옆,st-50,2021-12-02T02:15:00Z,10.559798643839576,16.150132411693875,18.853524073843317,22.11451136259744,16.385510252973955
204. 국회의사당역 5번출구 옆,st-50,2021-12-02T02:16:00Z,10.503605205133633,16.02203857690003,18.46514606583579,22.15224855587966,16.28801462366143
204. 국회의사당역 5번출구 옆,st-50,2021-12-02T02:17:00Z,11.01547369313653,16.512210256062115,18.880821270741148,22.416230077293076,16.74313792640268
204. 국회의사당역 5번출구 옆,st-50,2021-12-02T02:18:00Z,10.999066112190667,16.49459230454223,19.07222277397028,22.432334494714297,16.807431810372627
204. 국회의사당역 5번출구 옆,st-50,2021-12-02T02:19:00Z,10.933807130016042,16.64619626946765,19.055683886416645,22.43557855398622,16.802959391246866
204. 국회의사당역 5번출구 옆,st-50,2021-12-02T02:20:00Z,10.861687058203396,16.662258565077046,19.099517502293445,22.844935944050132,16.851404979727082
204. 국회의사당역 5번출구 옆,st-50,2021-12-02T02:21:00Z,10.981702208174529,17.000076069093627,19.227467113898165,22.78605799080458,17.109791560165426
204. 국회의사당역 5번출구 옆,st-50,2021-12-02T02:22:00Z,10.976950008776116,17.046008796056004,19.63247349043716,23.05420966715586,17.264157488475988
204. 국회의사당역 5번출구 옆,st-50,2021-12-02T02:23:00Z,10.881188226393416,17.506295028406754,21.165839538471534,23.144813249334682,17.64069852169505
204. 국회의사당역 5번출구 옆,st-50,2021-12-02T02:24:00Z,10.984403798899196,17.415662553786674,19.827227860821843,23.27255684914528,17.572325884990736
204. 국회의사당역 5번출구 옆,st-50,2021-12-02T02:25:00Z,10.860356230037732,17.388999407066958,19.794210740992515,23.330804255088857,17.53758210313358
204. 국회의사당역 5번출구 옆,st-50,2021-12-02T02:26:00Z,11.085922398971165,17.79628572010242,20.266074490149197,23.65068245709774,17.9122760450629
204. 국회의사당역 5번출구 옆,st-50,2021-12-02T02:27:00Z,11.250068358582649,17.890329625784418,21.687667415139348,23.65385457373722,18.118045511081743
204. 국회의사당역 5번출구 옆,st-50,2021-12-02T02:28:00Z,11.277706805384748,17.82849754845027,20.360057496106382,23.936386740493067,18.019159164961994
204. 국회의사당역 5번출구 옆,st-50,2021-12-02T02:29:00Z,11.207174894766773,18.047709909275778,20.405890605517328,23.951455467264008,18.159619464820057
204. 국회의사당역 5번출구 옆,st-50,2021-12-02T02:30:00Z,11.381374415273847,18.231719231496225,20.732377828661775,24.094625242504055,18.307760449529216
204. 국회의사당역 5번출구 옆,st-50,2021-12-02T02:31:00Z,10.738446019076335,17.855731081266143,21.612279974306496,23.785123081245285,18.040578743874313
204. 국회의사당역 5번출구 옆,st-50,2021-12-02T02:32:00Z,11.204740682717294,18.376736908749503,22.152871579254136,24.365118572351776,18.659918141930127
204. 국회의사당역 5번출구 옆,st-50,2021-12-02T02:33:00Z,11.31054706718057,18.433850401013554,22.306962864165527,24.48568948784354,18.815872071253857
204. 국회의사당역 5번출구 옆,st-50,2021-12-02T02:34:00Z,11.473101549760662,18.656667483314255,22.499857519144637,24.74204389853264,18.941388322139737
204. 국회의사당역 5번출구 옆,st-50,2021-12-02T02:35:00Z,10.701467774534139,18.1314343757891,20.454332534639303,24.11386017922036,18.248281509001398
204. 국회의사당역 5번출구 옆,st-50,2021-12-02T02:36:00Z,11.26929489197398,18.74940277004506,21.24697299500849,24.896559077892423,18.81680059986714
204. 국회의사당역 5번출구 옆,st-50,2021-12-02T02:37:00Z,10.78981388171722,18.383982751220746,22.278887028568082,24.439739975683374,18.540146538858373
204. 국회의사당역 5번출구 옆,st-50,2021-12-02T02:38:00Z,10.969383559055615,18.656038266752287,21.251884406444052,24.665370408471077,18.795671333362485
204. 국회의사당역 5번출구 옆,st-50,2021-12-02T02:39:00Z,11.099304765525925,18.933542633688727,21.519449889426085,24.968146736907812,19.05343457083408
204. 국회의사당역 5번출구 옆,st-50,2021-12-02T02:40:00Z,11.062954321930379,18.80568307653447,21.50496691385538,25.143041473532154,19.02752109830604
204. 국회의사당역 5번출구 옆,st-50,2021-12-02T02:41:00Z,10.821454692812692,18.805608800324926,21.42671265347102,24.976955820840693,19.046519483793784
204. 국회의사당역 5번출구 옆,st-50,2021-12-02T02:42:00Z,11.424398663213395,19.390781120544894,21.917507037194444,25.31643876811853,19.490748856085183
204. 국회의사당역 5번출구 옆,st-50,2021-12-02T02:43:00Z,11.194128654598432,19.46118759737401,22.03879698557016,25.500392125295182,19.574455017483697
204. 국회의사당역 5번출구 옆,st-50,2021-12-02T02:44:00Z,11.12508596376964,19.37385252801888,21.720770074738443,25.292465005880317,19.35869094594342
204. 국회의사당역 5번출구 옆,st-50,2021-12-02T02:45:00Z,11.248383066375455,19.40735470390491,21.950974398118213,25.424498174721474,19.61226389459279
204. 국회의사당역 5번출구 옆,st-50,2021-12-02T02:46:00Z,11.617555429421534,20.071716436913036,22.691201239230182,26.060117302169893,20.146327588147948
204. 국회의사당역 5번출구 옆,st-50,2021-12-02T02:47:00Z,11.490265954361925,20.03587548602867,22.44720238270392,26.20348158815677,20.153319461860242
204. 국회의사당역 5번출구 옆,st-50,2021-12-02T02:48:00Z,11.5000827218894,20.00881256901946,23.751124792773446,26.46819952705719,20.29760084821506
204. 국회의사당역 5번출구 옆,st-50,2021-12-02T02:49:00Z,11.853954943530846,20.345636058322324,24.289521088829034,26.499284218683535,20.567089447008765
204. 국회의사당역 5번출구 옆,st-50,2021-12-02T02:50:00Z,11.76382104843946,20.227855085171097,22.90155797789424,26.872695554494367,20.526353285572654
204. 국회의사당역 5번출구 옆,st-50,2021-12-02T02:51:00Z,12.172874421029132,20.422924275963407,24.20761196264614,26.57344521750459,20.650653217977645
204. 국회의사당역 5번출구 옆,st-50,2021-12-02T02:52:00Z,12.069057292564112,20.714900521230412,23.29794744631058,26.81520414299826,20.774017154522653
204. 국회의사당역 5번출구 옆,st-50,2021-12-02T02:53:00Z,12.010356041696593,20.650167610299874,23.25663185265531,26.52793802805938,20.670659539922635
204. 국회의사당역 5번출구 옆,st-50,2021-12-02T02:54:00Z,11.851835902792768,20.553955884371263,24.470403974363933,26.830984987024117,20.82280540883886
204. 국회의사당역 5번출구 옆,st-50,2021-12-02T02:55:00Z,11.86410964783562,20.9850881740817,23.638482718863564,27.45203944518503,21.07311187037038
204. 국회의사당역 5번출구 옆,st-50,2021-12-02T02:56:00Z,12.522111495285758,21.051449453007077,24.824605860825535,27.62521921344289,21.300875278656118
204. 국회의사당역 5번출구 옆,st-50,2021-12-02T02:57:00Z,12.265081819513883,21.049398590232606,23.871661959660443,27.431436747508275,21.30659724414318
204. 국회의사당역 5번출구 옆,st-50,2021-12-02T02:58:00Z,12.532174091582995,20.973195015991333,23.66411544392088,27.544077296169927,21.144414732431365
204. 국회의사당역 5번출구 옆,st-50,2021-12-02T02:59:00Z,12.45907302875304,20.883530664275927,23.63580466187422,27.0927890714186,21.0565360967634
204. 국회의사당역 5번출구 옆,st-50,2021-12-02T03:00:00Z,12.12992245954599,21.431528883430463,25.253645460992203,27.61798341098546,21.729412450602815
204. 국회의사당역 5번출구 옆,st-50,2021-12-02T03:01:00Z,12.197551855371039,21.000463433677847,23.71275866866,27.463054035499184,21.27817762812939
204. 국회의사당역 5번출구 옆,st-50,2021-12-02T03:02:00Z,12.013738972926776,21.12383006058815,23.76365881506792,27.435504986933406,21.345759845454936
204. 국회의사당역 5번출구 옆,st-50,2021-12-02T03:03:00Z,12.34045317992096,21.225044389280637,23.83956342712172,27.39919637403785,21.352758130525547
204. 국회의사당역 5번출구 옆,st-50,2021-12-02T03:04:00Z,12.18180912251418,21.1120756141793,24.014136794412845,27.581322642077662,21.347189844755654
204. 국회의사당역 5번출구 옆,st-50,2021-12-02T03:05:00Z,12.311061779121745,20.900448069104325,23.73074602036904,27.75885570656566,21.20764722147624
204. 국회의사당역 5번출구 옆,st-50,2021-12-02T03:06:00Z,12.49662074956695,20.83129646974717,23.509735538161124,27.525859514251735,21.06831558236926
204. 국회의사당역 5번출구 옆,st-50,2021-12-02T03:07:00Z,12.311325506470126,21.1185431499909,25.062560192460527,27.757837313570665,21.473419581718307
204. 국회의사당역 5번출구 옆,st-50,2021-12-02T03:08:00Z,12.061002064701603,21.283898279717253,24.17856113227199,28.109896480743686,21.63347787767563
204. 국회의사당역 5번출구 옆,st-50,2021-12-02T03:09:00Z,12.093076185093926,20.917431920117032,23.828097623448276,27.64861938797511,21.205902909265014
204. 국회의사당역 5번출구 옆,st-50,2021-12-02T03:10:00Z,11.996464246695659,21.029344218624818,23.62176825751788,27.819056605213635,21.16060663855899
204. 국회의사당역 5번출구 옆,st-50,2021-12-02T03:11:00Z,11.995411952393386,20.716167329779214,23.407225569841515,27.563933693081427,20.976411355428304
204. 국회의사당역 5번출구 옆,st-50,2021-12-02T03:12:00Z,11.479740337710563,20.474147884537217,23.326291520170432,26.854450109547308,20.733895057821293
204. 국회의사당역 5번출구 옆,st-50,2021-12-02T03:13:00Z,11.90024236113359,20.718016420615154,23.482454855042374,27.114042519201657,20.903334985495334
204. 국회의사당역 5번출구 옆,st-50,2021-12-02T03:14:00Z,11.674526927419036,20.674630792502477,24.84820374671378,27.202500789741226,21.087755600840925
204. 국회의사당역 5번출구 옆,st-50,2021-12-02T03:15:00Z,11.675610240850643,20.770476501148313,23.42278767411325,27.209117997711864,20.93313933520734
204. 국회의사당역 5번출구 옆,st-50,2021-12-02T03:16:00Z,11.547263530876597,20.30686304519035,23.387588437454728,27.036086715611827,20.689475979446694
204. 국회의사당역 5번출구 옆,st-50,2021-12-02T03:17:00Z,11.953062252880924,20.729712907895173,23.44043047471541,27.63497718532234,21.01571848643612
204. 국회의사당역 5번출구 옆,st-50,2021-12-02T03:18:00Z,11.708177662798152,20.668516577132312,23.414880915025474,27.221262349416797,20.814919455962492
204. 국회의사당역 5번출구 옆,st-50,2021-12-02T03:19:00Z,11.62899379836328,20.15379791854618,23.148672015857013,26.76476986107069,20.477291078298343
204. 국회의사당역 5번출구 옆,st-50,2021-12-02T03:20:00Z,11.665193983307589,20.059305860450273,24.19352368810964,26.796101314315337,20.31867384915061
204. 국회의사당역 5번출구 옆,st-50,2021-12-02T03:21:00Z,11.548209656073782,20.28915534909245,24.470400429447203,26.81455733306252,20.56736985506382
204. 국회의사당역 5번출구 옆,st-50,2021-12-02T03:22:00Z,11.647886896533162,19.75060160200019,24.0893422367187,26.42801995237169,20.129552554185345
204. 국회의사당역 5번출구 옆,st-50,2021-12-02T03:23:00Z,11.762407306024453,20.00373029912136,22.811033667151587,26.912678091434188,20.149996672988852
204. 국회의사당역 5번출구 옆,st-50,2021-12-02T03:24:00Z,11.61943732688417,19.618528078392107,22.5222596201939,26.212951438674022,19.936914492661728
204. 국회의사당역 5번출구 옆,st-50,2021-12-02T03:25:00Z,11.637911648654997,19.648887540568886,22.525645748842475,26.4967498009968,19.87553002174469
204. 국회의사당역 5번출구 옆,st-50,2021-12-02T03:26:00Z,11.693308005887827,20.22413991778329,22.785539910219743,26.711262974532758,20.171143901265808
204. 국회의사당역 5번출구 옆,st-50,2021-12-02T03:27:00Z,11.531416740433746,19.709496970693458,22.61532342088046,26.500546468945437,19.908302823966714
204. 국회의사당역 5번출구 옆,st-50,2021-12-02T03:28:00Z,11.53789106953827,19.51488771285174,22.399303888341496,26.374532723375324,19.7415493704321
204. 국회의사당역 5번출구 옆,st-50,2021-12-02T03:29:00Z,12.189517396187004,20.38148626442106,24.523821943729594,26.989387016787568,20.619243201560074
204. 국회의사당역 5번출구 옆,st-50,2021-12-02T03:30:00Z,11.415260171560893,19.365285625290095,22.23666507643742,26.094203232784412,19.505570011924743
204. 국회의사당역 5번출구 옆,st-50,2021-12-02T03:31:00Z,11.58872330209142,19.554989001002916,22.325655655868506,26.20707320471841,19.710910565896846
204. 국회의사당역 5번출구 옆,st-50,2021-12-02T03:32:00Z,11.649188034019206,19.519380064190468,22.336309615836047,26.192402427661083,19.678809565289672
204. 국회의사당역 5번출구 옆,st-50,2021-12-02T03:33:00Z,11.32726517278312,19.370871245921368,22.161312011229764,25.85079639600932,19.42487810338698
204. 국회의사당역 5번출구 옆,st-50,2021-12-02T03:34:00Z,11.558552699373193,19.419410697892637,22.36795449140483,26.131973869706506,19.616037795781025
204. 국회의사당역 5번출구 옆,st-50,2021-12-02T03:35:00Z,11.568841108625143,19.29578529949587,22.181236907153785,25.978064093492254,19.48421089403728
204. 국회의사당역 5번출구 옆,st-50,2021-12-02T03:36:00Z,11.473607554822857,19.336951983639647,23.59379305604977,26.151520748381508,19.5810152080013
204. 국회의사당역 5번출구 옆,st-50,2021-12-02T03:37:00Z,11.243962452751067,19.05140748846708,21.849785606704675,25.85077272345441,19.206797366982197
204. 국회의사당역 5번출구 옆,st-50,2021-12-02T03:38:00Z,11.53316964067191,19.474545626935768,22.220143519477464,26.156408141005127,19.518509859257634
204. 국회의사당역 5번출구 옆,st-50,2021-12-02T03:39:00Z,11.432165082103397,19.035303209398872,21.74900782682507,25.68860728836652,19.054573551064415
204. 국회의사당역 5번출구 옆,st-50,2021-12-02T03:40:00Z,11.175865415452026,19.063788538710703,22.05111681174478,26.010833709410917,19.2920887847466
204. 국회의사당역 5번출구 옆,st-50,2021-12-02T03:41:00Z,11.184667598444982,19.200030062947427,22.059807370874772,26.003737710899813,19.331276007751715
204. 국회의사당역 5번출구 옆,st-50,2021-12-02T03:42:00Z,11.187564183074349,19.382087829927556,23.467642562077163,26.20388630811553,19.547554593881742
204. 국회의사당역 5번출구 옆,st-50,2021-12-02T03:43:00Z,11.529408123225412,19.427944468369418,22.280826537126586,26.344862640022775,19.641550550032775
204. 국회의사당역 5번출구 옆,st-50,2021-12-02T03:44:00Z,11.266881473265574,19.152377443342665,22.108411435168925,25.8880076842736,19.385774434775414
204. 국회의사당역 5번출구 옆,st-50,2021-12-02T03:45:00Z,11.496520017157662,19.323691250654644,23.841692537475204,26.387444172765417,19.68520821557539
204. 국회의사당역 5번출구 옆,st-50,2021-12-02T03:46:00Z,11.204652006569562,19.003510071776294,21.828017242752086,25.88481400064898,19.03991026069882
204. 국회의사당역 5번출구 옆,st-50,2021-12-02T03:47:00Z,11.129934948880614,18.765711148277187,23.11000849915152,25.5963516468714,19.103557562807193
204. 국회의사당역 5번출구 옆,st-50,2021-12-02T03:48:00Z,11.100411413376547,19.05999112703679,23.297304378713196,26.194206803421242,19.44148057105004
204. 국회의사당역 5번출구 옆,st-50,2021-12-02T03:49:00Z,11.343390923897982,19.31957336714927,22.313025600705586,26.175156521893662,19.591309189374677
204. 국회의사당역 5번출구 옆,st-50,2021-12-02T03:50:00Z,11.296451537181929,19.003290046986198,22.00994748413856,25.953236344731856,19.169264113757695
204. 국회의사당역 5번출구 옆,st-50,2021-12-02T03:51:00Z,10.904635433155027,18.660249593056058,21.497419664802187,25.33215180538309,18.777740756335923
204. 국회의사당역 5번출구 옆,st-50,2021-12-02T03:52:00Z,11.19421271141212,18.618669457030848,22.765085141232213,25.465025420126075,18.903899033323476
204. 국회의사당역 5번출구 옆,st-50,2021-12-02T03:53:00Z,11.175238946928948,18.66649218804903,22.798866861014186,25.94503370660869,18.84375453321694
204. 국회의사당역 5번출구 옆,st-50,2021-12-02T03:54:00Z,11.253346717434948,18.74445301577685,21.565177276934147,25.679745818706085,18.89186049658898
204. 국회의사당역 5번출구 옆,st-50,2021-12-02T03:55:00Z,10.744247972157108,18.053634532302308,22.29968079682536,25.137030253089964,18.303191974282303
204. 국회의사당역 5번출구 옆,st-50,2021-12-02T03:56:00Z,10.908021964344659,18.11368896911147,21.246669307495264,25.07799912359437,18.31570351135788
204. 국회의사당역 5번출구 옆,st-50,2021-12-02T03:57:00Z,10.804634480669518,17.986877010807163,20.814889926219042,25.09291636684239,18.087941026951192
204. 국회의사당역 5번출구 옆,st-50,2021-12-02T03:58:00Z,10.615374583768482,17.808268568296484,22.065178939464943,24.928108229119086,18.21471025228542
204. 국회의사당역 5번출구 옆,st-50,2021-12-02T03:59:00Z,10.885802445458276,18.393530784402742,21.347683144067144,25.265474668883712,18.58293751343652
204. 국회의사당역 5번출구 옆,st-50,2021-12-02T04:00:00Z,10.46426328069753,17.487348693855676,21.594745706786984,24.304876616066963,17.696993906279374
204. 국회의사당역 5번출구 옆,st-50,2021-12-02T04:01:00Z,10.467922738775158,17.72172461911429,22.16421959588164,24.842177626296678,18.208154009411093
204. 국회의사당역 5번출구 옆,st-50,2021-12-02T04:02:00Z,11.02712918848121,18.348190177127822,21.481130700113326,25.36539461325478,18.600445958567988
204. 국회의사당역 5번출구 옆,st-50,2021-12-02T04:03:00Z,10.422625804959207,17.694477715130613,20.88237572686243,24.65034401243374,17.85811641614427
204. 국회의사당역 5번출구 옆,st-50,2021-12-02T04:04:00Z,10.23278799646478,17.140645705885518,20.179133782028,24.212408502275462,17.44155498321916
204. 국회의사당역 5번출구 옆,st-50,2021-12-02T04:05:00Z,10.023051328551645,17.227454164772123,21.380715162175466,24.133441265630463,17.453758572786896
204. 국회의사당역 5번출구 옆,st-50,2021-12-02T04:06:00Z,9.853550724036772,16.634604897983067,19.6491072848959,23.800093747073767,16.85611795761358
204. 국회의사당역 5번출구 옆,st-50,2021-12-02T04:07:00Z,10.521847017604141,17.983586895255417,21.051868129611474,24.98349358199973,18.19046124228446
204. 국회의사당역 5번출구 옆,st-50,2021-12-02T04:08:00Z,9.688842914160343,16.596846118789458,19.725524256679964,23.718618202604084,16.82017656043806
204. 국회의사당역 5번출구 옆,st-50,2021-12-02T04:09:00Z,10.031431572777478,16.926791405256296,21.398533707636894,24.475311645699453,17.339522416545865
204. 국회의사당역 5번출구 옆,st-50,2021-12-02T04:10:00Z,9.699782355206331,16.738222823862735,19.748250405402523,23.711189358397927,16.988054259034023
204. 국회의사당역 5번출구 옆,st-50,2021-12-02T04:11:00Z,9.70755685553739,16.892121743350916,19.924507179648938,24.28491934365158,17.131738452426152
204. 국회의사당역 5번출구 옆,st-50,2021-12-02T04:12:00Z,9.229001068290948,16.119816659428096,19.460520289605842,23.412111805739173,16.402941011325158
204. 국회의사당역 5번출구 옆,st-50,2021-12-02T04:13:00Z,9.618825328968622,16.6068869147493,19.814156694882808,23.938499140476686,16.952970081352113
204. 국회의사당역 5번출구 옆,st-50,2021-12-02T04:14:00Z,9.322105834321755,16.656965438821477,19.65939834932108,23.562322482808938,16.68046815715087
204. 국회의사당역 5번출구 옆,st-50,2021-12-02T04:15:00Z,9.526012953438899,16.9283461083046,21.340564860612705,24.16709956568374,17.19700807054801
204. 국회의사당역 5번출구 옆,st-50,2021-12-02T04:16:00Z,9.033632164220428,16.223774771150204,19.365402103619473,23.874125217935166,16.384270231702413
204. 국회의사당역 5번출구 옆,st-50,2021-12-02T04:17:00Z,9.116603863767796,16.305319226978394,20.79867095959201,23.75364455434161,16.59402271364048
204. 국회의사당역 5번출구 옆,st-50,2021-12-02T04:18:00Z,9.053949223659387,16.19237822401847,19.082789736933684,23.45151975811305,16.289088895018864
204. 국회의사당역 5번출구 옆,st-50,2021-12-02T04:19:00Z,8.825599856541459,16.36151388227106,19.243144820682826,23.389770587752622,16.44511714420703
204. 국회의사당역 5번출구 옆,st-50,2021-12-02T04:20:00Z,8.719287455145077,15.905396251703454,19.106911756050856,23.17580627313036,16.010201131859443
204. 국회의사당역 5번출구 옆,st-50,2021-12-02T04:21:00Z,8.769974547935776,16.107896502721925,19.16468822374551,23.380674479437918,16.32967785184109
204. 국회의사당역 5번출구 옆,st-50,2021-12-02T04:22:00Z,9.075652254357244,16.179597439741883,19.167690204838095,23.394235427295865,16.2730171323237
204. 국회의사당역 5번출구 옆,st-50,2021-12-02T04:23:00Z,8.844147909500643,16.441797069260865,19.41103198878991,23.5443368005181,16.44639612773685
204. 국회의사당역 5번출구 옆,st-50,2021-12-02T04:24:00Z,8.547385763199072,15.653025386231851,18.7693510282223,22.925544307256907,15.798032935585836
204. 국회의사당역 5번출구 옆,st-50,2021-12-02T04:25:00Z,8.181451867498094,15.823991644947615,20.36110070588229,23.03141267271782,15.938282816535438
204. 국회의사당역 5번출구 옆,st-50,2021-12-02T04:26:00Z,8.77775041074032,16.09235274693245,19.07666144852697,23.370730234309082,16.151701377587525
204. 국회의사당역 5번출구 옆,st-50,2021-12-02T04:27:00Z,9.167765300874038,16.397140904356217,20.835777572878012,23.470157714465348,16.75169314084956
204. 국회의사당역 5번출구 옆,st-50,2021-12-02T04:28:00Z,8.603130294783679,15.94054825157913,19.063495116967882,23.20741954218742,16.046815240885042
204. 국회의사당역 5번출구 옆,st-50,2021-12-02T04:29:00Z,8.5968169740924,16.116461269623077,19.051508209981854,23.163338178193786,16.174302185060107
204. 국회의사당역 5번출구 옆,st-50,2021-12-02T04:30:00Z,8.184881399835733,15.638907784761061,18.844859273019335,22.796725411660194,15.67916071099875
204. 국회의사당역 5번출구 옆,st-50,2021-12-02T04:31:00Z,7.819357361123169,15.448567796563154,18.448361177231014,22.771822569308533,15.46836203602308
204. 국회의사당역 5번출구 옆,st-50,2021-12-02T04:32:00Z,8.16618786653227,15.4359488513532,19.989596049194244,22.769059282865708,15.685532399097387
204. 국회의사당역 5번출구 옆,st-50,2021-12-02T04:33:00Z,8.222390005887775,15.550223688068908,18.636195278061845,22.876299505333897,15.493094493733045
204. 국회의사당역 5번출구 옆,st-50,2021-12-02T04:34:00Z,7.827708222446243,15.417003275601274,18.557658631781823,22.87948571833262,15.448554991091925
204. 국회의사당역 5번출구 옆,st-50,2021-12-02T04:35:00Z,7.681200370621804,15.546133555670497,20.1542430527417,22.955513343526537,15.786323783412268
204. 국회의사당역 5번출구 옆,st-50,2021-12-02T04:36:00Z,8.153638639930364,15.499470630909908,18.690966332508786,22.95892291659386,15.76045906994519
204. 국회의사당역 5번출구 옆,st-50,2021-12-02T04:37:00Z,8.345190738171844,15.565822882727586,18.725705239327404,23.020507066696407,15.670512261067167
204. 국회의사당역 5번출구 옆,st-50,2021-12-02T04:38:00Z,7.93598926673906,15.224345341278323,18.57414570375009,22.898895289775655,15.228961519786303
204. 국회의사당역 5번출구 옆,st-50,2021-12-02T04:39:00Z,8.36744074481957,15.513800428305501,19.002972266862418,23.217482729820176,15.694916245636024
204. 국회의사당역 5번출구 옆,st-50,2021-12-02T04:40:00Z,7.918486796255452,15.14210141300557,20.055361377431634,22.79269311304274,15.59319794335287
204. 국회의사당역 5번출구 옆,st-50,2021-12-02T04:41:00Z,7.7622293174045955,15.483284055481716,18.864347233510262,23.118457451944103,15.533934618925397
204. 국회의사당역 5번출구 옆,st-50,2021-12-02T04:42:00Z,7.94030222398779,15.285840195469977,18.674713385909854,22.813059931937957,15.527415173259055
204. 국회의사당역 5번출구 옆,st-50,2021-12-02T04:43:00Z,7.978263888228349,15.388946406047321,18.585414808825693,23.140973151234412,15.43824613513614
204. 국회의사당역 5번출구 옆,st-50,2021-12-02T04:44:00Z,7.7882801164610385,15.35151058587856,18.779820153045833,23.090754362882848,15.384524710525167
204. 국회의사당역 5번출구 옆,st-50,2021-12-02T04:45:00Z,7.879697230630464,15.11308043128587,18.50193469893433,23.05570748076066,15.39633987690334
204. 국회의사당역 5번출구 옆,st-50,2021-12-02T04:46:00Z,7.62002403629049,15.091815479421717,18.368290427812532,22.982080135614474,15.198298006960876
204. 국회의사당역 5번출구 옆,st-50,2021-12-02T04:47:00Z,7.061063215488935,14.554060818340522,18.361870223858325,22.63515959630763,14.766854033016704
204. 국회의사당역 5번출구 옆,st-50,2021-12-02T04:48:00Z,7.391303609895553,15.11551072758217,19.94168113229163,23.161639646659548,15.355695998441673
204. 국회의사당역 5번출구 옆,st-50,2021-12-02T04:49:00Z,7.505225479456202,15.232300168304548,18.669532916385734,22.868979287028804,15.42534697489158
204. 국회의사당역 5번출구 옆,st-50,2021-12-02T04:50:00Z,7.47946631238605,15.133542033614336,18.59931261301797,22.808444757385708,15.207275784721277
204. 국회의사당역 5번출구 옆,st-50,2021-12-02T04:51:00Z,7.818723307909133,15.294484705266173,18.80199748092703,23.051758659534883,15.524678595063062
204. 국회의사당역 5번출구 옆,st-50,2021-12-02T04:52:00Z,7.504851581149083,15.18088671224168,20.15104225245084,23.452602832191427,15.588195900851302
204. 국회의사당역 5번출구 옆,st-50,2021-12-02T04:53:00Z,7.75012507564581,15.370850315292724,20.13576307650183,23.384523171675628,15.756057877052779
204. 국회의사당역 5번출구 옆,st-50,2021-12-02T04:54:00Z,7.603652285324776,15.433137917797742,20.156320942867502,23.481553316657397,15.737712280493936
204. 국회의사당역 5번출구 옆,st-50,2021-12-02T04:55:00Z,7.392289377542472,15.44400609872656,20.110147423550238,23.35199917135606,15.659647729410572
204. 국회의사당역 5번출구 옆,st-50,2021-12-02T04:56:00Z,7.272159484802425,15.090965749778558,19.850760477477543,23.300513498794835,15.374071968179292
204. 국회의사당역 5번출구 옆,st-50,2021-12-02T04:57:00Z,7.460780925325706,15.51050006471548,20.06844710376846,23.392183503665162,15.74938921998753
204. 국회의사당역 5번출구 옆,st-50,2021-12-02T04:58:00Z,7.279497550060902,15.336678330159394,19.99614439895353,23.217058869115068,15.576161611296687
204. 국회의사당역 5번출구 옆,st-50,2021-12-02T04:59:00Z,7.332045302581732,15.255792918131188,18.758521309971574,22.82261803866308,15.533874940516878
204. 국회의사당역 5번출구 옆,st-50,2021-12-02T05:00:00Z,7.357836451373169,15.392332108889374,20.154367065585177,23.343343782544075,15.642141085008737
204. 국회의사당역 5번출구 옆,st-50,2021-12-02T05:01:00Z,7.097482328061967,15.12220390685175,18.60996646102601,22.937028756776503,15.316622778866584
204. 국회의사당역 5번출구 옆,st-50,2021-12-02T05:02:00Z,7.293809289199263,15.311565216393156,19.963321169028294,23.40043184772833,15.505449835855543
204. 국회의사당역 5번출구 옆,st-50,2021-12-02T05:03:00Z,7.115661583195437,15.490357177067905,20.078265278504485,23.047983707956476,15.767192561731562
204. 국회의사당역 5번출구 옆,st-50,2021-12-02T05:04:00Z,7.176295220261773,15.157760892572725,19.752640047322796,23.179766447314893,15.44747589267833
204. 국회의사당역 5번출구 옆,st-50,2021-12-02T05:05:00Z,7.062782665388218,15.440027181777609,20.10780826642371,23.012019375752615,15.74378808027504
204. 국회의사당역 5번출구 옆,st-50,2021-12-02T05:06:00Z,7.316714223721912,15.577586417147103,18.918640555460776,23.159343048146525,15.79997079736618
204. 국회의사당역 5번출구 옆,st-50,2021-12-02T05:07:00Z,7.161564980496232,15.349884102354318,18.75698203866494,23.27631259045845,15.593931106342932
204. 국회의사당역 5번출구 옆,st-50,2021-12-02T05:08:00Z,7.044240557903375,15.189283759375176,19.78929495109138,23.235892036935763,15.459405346872012
204. 국회의사당역 5번출구 옆,st-50,2021-12-02T05:09:00Z,7.018985398709816,15.09579194356004,19.95041244107902,23.21441888217038,15.548164967386665
204. 국회의사당역 5번출구 옆,st-50,2021-12-02T05:10:00Z,7.115746489813233,15.02888687431733,18.538872503125695,22.99859130797167,15.310488098032236
204. 국회의사당역 5번출구 옆,st-50,2021-12-02T05:11:00Z,6.474641900745544,14.976217476796766,18.478573190298,22.82017548858539,15.075182507124579
204. 국회의사당역 5번출구 옆,st-50,2021-12-02T05:12:00Z,6.960707026978112,14.997114087299861,18.472994103103726,22.858780952254847,15.253444405516824
204. 국회의사당역 5번출구 옆,st-50,2021-12-02T05:13:00Z,6.687872712056491,15.064064749081952,19.926632750849834,23.04404584803948,15.365901497522383
204. 국회의사당역 5번출구 옆,st-50,2021-12-02T05:14:00Z,6.569276146141487,15.067677499682883,18.497125698409604,23.081674064614724,15.299881140515849
204. 국회의사당역 5번출구 옆,st-50,2021-12-02T05:15:00Z,6.514894489837591,15.145543576466794,18.555250830318638,22.980099535791965,15.319255250629151
204. 국회의사당역 5번출구 옆,st-50,2021-12-02T05:16:00Z,6.085763233956937,14.611044661910402,18.005538342298195,22.61539005171244,14.687899867059652
204. 국회의사당역 5번출구 옆,st-50,2021-12-02T05:17:00Z,4.9970417049248175,13.496674587178742,17.285962242815636,21.795989077315735,13.629740741064593
204. 국회의사당역 5번출구 옆,st-50,2021-12-02T05:18:00Z,5.9365165649926,15.139837434819809,18.700854258777746,23.152952809758474,15.267304931409326
204. 국회의사당역 5번출구 옆,st-50,2021-12-02T05:19:00Z,6.026767084971028,14.974807887892446,18.42558101119648,22.757692947639534,15.131281600073741
204. 국회의사당역 5번출구 옆,st-50,2021-12-02T05:20:00Z,6.599127436790069,14.940907610870982,18.568220420214146,22.80680618871808,15.170198239792475
204. 국회의사당역 5번출구 옆,st-50,2021-12-02T05:21:00Z,6.433252239656037,14.950658782782964,18.17092285845437,22.678036958962164,14.935728573647058
204. 국회의사당역 5번출구 옆,st-50,2021-12-02T05:22:00Z,6.516010109974801,14.914294076291963,18.398605016881767,22.664844223420427,15.01119815742825
204. 국회의사당역 5번출구 옆,st-50,2021-12-02T05:23:00Z,6.472053769291928,15.177922651287188,18.69291802779002,22.84031576557853,15.255678902489322
204. 국회의사당역 5번출구 옆,st-50,2021-12-02T05:24:00Z,6.249167829279095,14.911319264776841,18.326010490191912,22.829898431611948,15.052813010172942
204. 국회의사당역 5번출구 옆,st-50,2021-12-02T05:25:00Z,6.541620890208589,14.743002344669964,18.369205513056244,22.68427215193295,14.983792009136986
204. 국회의사당역 5번출구 옆,st-50,2021-12-02T05:26:00Z,6.164527494444756,14.948083286647421,19.788087353978675,22.80782992136646,15.101318333791731
204. 국회의사당역 5번출구 옆,st-50,2021-12-02T05:27:00Z,6.210862743985036,15.31984431551177,20.135038180511003,23.034867627764466,15.459071906451571
204. 국회의사당역 5번출구 옆,st-50,2021-12-02T05:28:00Z,6.244455341916128,14.789827468621988,18.26682725737939,22.78710316385053,14.902288778501253
204. 국회의사당역 5번출구 옆,st-50,2021-12-02T05:29:00Z,6.509106407120537,15.234140894947036,18.554010724160108,23.007397394948093,15.335705276203186
204. 국회의사당역 5번출구 옆,st-50,2021-12-02T05:30:00Z,6.277803391082456,15.140544743540731,18.74523047882317,23.082270266225578,15.322956444025147
204. 국회의사당역 5번출구 옆,st-50,2021-12-02T05:31:00Z,6.228084808720616,15.370296327419558,18.72022814377475,23.273664026603043,15.359495890434037
204. 국회의사당역 5번출구 옆,st-50,2021-12-02T05:32:00Z,6.306474500318743,15.193802793404993,18.81933623094345,23.195479501740326,15.328862327156612
204. 국회의사당역 5번출구 옆,st-50,2021-12-02T05:33:00Z,6.451621931351561,15.42756330058552,18.988289388519817,23.31539263493534,15.685553559666804
204. 국회의사당역 5번출구 옆,st-50,2021-12-02T05:34:00Z,6.129436371747222,15.201735874021773,18.81991197395127,23.198346068846647,15.341812280358846
204. 국회의사당역 5번출구 옆,st-50,2021-12-02T05:35:00Z,6.1571445923949515,15.038033976495312,18.481267192586127,23.25960181934692,15.018957898775426
204. 국회의사당역 5번출구 옆,st-50,2021-12-02T05:36:00Z,5.882660745914732,15.129308466658218,18.730494389191715,23.23886985606653,15.334345948029071
204. 국회의사당역 5번출구 옆,st-50,2021-12-02T05:37:00Z,6.38182143196052,15.200162979422068,18.860137828817166,23.34092332811796,15.201904931134287
204. 국회의사당역 5번출구 옆,st-50,2021-12-02T05:38:00Z,5.857871919074613,14.791143797598775,18.55097409812274,23.15917273646099,14.966091403957694
204. 국회의사당역 5번출구 옆,st-50,2021-12-02T05:39:00Z,5.971779556503433,14.71133995350534,18.583982677339606,23.277372639369126,14.854110042794819
204. 국회의사당역 5번출구 옆,st-50,2021-12-02T05:40:00Z,5.937772697760456,15.084523330674518,18.774150367253746,23.405121113931603,15.33037643061034
204. 국회의사당역 5번출구 옆,st-50,2021-12-02T05:41:00Z,6.114726301118544,15.006441011160987,18.364743679522107,23.11118049324648,14.970578367885784
204. 국회의사당역 5번출구 옆,st-50,2021-12-02T05:42:00Z,6.062463320113078,14.893874210748521,18.42877364768476,23.295077761807974,14.990371816027679
204. 국회의사당역 5번출구 옆,st-50,2021-12-02T05:43:00Z,6.067244204461727,15.060740244205814,18.44874554308765,23.419037946461973,15.107353059089121
204. 국회의사당역 5번출구 옆,st-50,2021-12-02T05:44:00Z,6.163151106833263,15.130109209583663,20.106600325217347,23.784843308705838,15.398322127142702
204. 국회의사당역 5번출구 옆,st-50,2021-12-02T05:45:00Z,5.889731378089372,15.202853762181768,18.74090608740215,23.279586064709815,15.275211187148042
204. 국회의사당역 5번출구 옆,st-50,2021-12-02T05:46:00Z,6.541445670865795,15.3579215344432,18.91069981481746,23.52431735325129,15.416294911627608
204. 국회의사당역 5번출구 옆,st-50,2021-12-02T05:47:00Z,6.368497807908393,15.18352777116856,18.81503695553293,23.59067912772977,15.306558069079866
204. 국회의사당역 5번출구 옆,st-50,2021-12-02T05:48:00Z,6.350745793873283,15.450401988750997,20.43276384766382,23.883545353743834,15.832568212979599
204. 국회의사당역 5번출구 옆,st-50,2021-12-02T05:49:00Z,6.249525427609201,15.414509091348293,19.01461116579041,23.68019463967473,15.704053962749477
204. 국회의사당역 5번출구 옆,st-50,2021-12-02T05:50:00Z,6.510674859239847,15.585630197423885,20.46909016735585,24.007137911216297,15.913441697688457
204. 국회의사당역 5번출구 옆,st-50,2021-12-02T05:51:00Z,6.817999470191832,15.586152393006389,19.16231073603022,23.918682105942096,15.8428131873649
204. 국회의사당역 5번출구 옆,st-50,2021-12-02T05:52:00Z,6.572116251990755,15.307711734754415,18.76469287632201,23.45723328015896,15.47960537684848
204. 국회의사당역 5번출구 옆,st-50,2021-12-02T05:53:00Z,6.900703975017716,16.04578846065409,20.961824287520237,24.230623033462457,16.406155557212223
204. 국회의사당역 5번출구 옆,st-50,2021-12-02T05:54:00Z,6.768731780676344,16.000912270830653,20.915179086172998,24.37964105861975,16.375855831283825
204. 국회의사당역 5번출구 옆,st-50,2021-12-02T05:55:00Z,6.7258083569448495,15.959033915291723,19.48946408559997,24.148287403628053,16.101496202479677
204. 국회의사당역 5번출구 옆,st-50,2021-12-02T05:56:00Z,6.993845094039892,16.245486192980966,21.132708813269026,24.364041749875746,16.43060481843516
204. 국회의사당역 5번출구 옆,st-50,2021-12-02T05:57:00Z,6.552154007003281,15.715584466942484,20.54952673852266,24.292667915144445,16.033906132292152
204. 국회의사당역 5번출구 옆,st-50,2021-12-02T05:58:00Z,6.992468673738831,16.075969395328677,21.12366343788044,24.73906157074472,16.382502064710604
204. 국회의사당역 5번출구 옆,st-50,2021-12-02T05:59:00Z,6.80945100681449,16.340350183032857,19.61958153425771,24.405225747477512,16.31740784549077
204. 국회의사당역 5번출구 옆,st-50,2021-12-02T06:00:00Z,6.88714819655017,16.16564700519454,19.60847914090912,24.41751040947577,16.31105551029942
204. 국회의사당역 5번출구 옆,st-50,2021-12-02T06:01:00Z,6.725015385621403,15.78342882288628,19.583631555432913,24.47689680996721,16.0832018435653
204. 국회의사당역 5번출구 옆,st-50,2021-12-02T06:02:00Z,6.481212386176097,16.11534726718829,20.98026477323608,24.80412247363695,16.37000885617379
204. 국회의사당역 5번출구 옆,st-50,2021-12-02T06:03:00Z,6.448360693780392,16.36234768664809,21.092073215945568,24.470544611013892,16.4821548260427
204. 국회의사당역 5번출구 옆,st-50,2021-12-02T06:04:00Z,6.5674058768476815,16.148682708845335,19.85247587493336,25.029816446176362,16.469538966931147
204. 국회의사당역 5번출구 옆,st-50,2021-12-02T06:05:00Z,6.552744365828046,16.227014089860962,20.99097076070862,24.766989276619288,16.5118512598613
204. 국회의사당역 5번출구 옆,st-50,2021-12-02T06:06:00Z,6.566766532282002,16.178788768916903,19.93138924326533,24.552761835147596,16.502240854073424
204. 국회의사당역 5번출구 옆,st-50,2021-12-02T06:07:00Z,6.648039697338254,16.377002332999705,21.25836442415107,25.1715590127556,16.71885901707381
204. 국회의사당역 5번출구 옆,st-50,2021-12-02T06:08:00Z,6.576149091561259,16.280130352046772,19.805114234618255,24.896428894834685,16.412858493213008
204. 국회의사당역 5번출구 옆,st-50,2021-12-02T06:09:00Z,6.158643072889806,16.050052368507153,19.68958538613892,24.291867319914907,16.288204014022263
204. 국회의사당역 5번출구 옆,st-50,2021-12-02T06:10:00Z,6.082737787424765,16.20508695506726,21.189667064251378,24.730908112613253,16.545633681099797
204. 국회의사당역 5번출구 옆,st-50,2021-12-02T06:11:00Z,6.1791648769423535,16.185019202499316,20.091325159362718,24.613065380513714,16.527168150915518
204. 국회의사당역 5번출구 옆,st-50,2021-12-02T06:12:00Z,6.327940472188359,16.405475767989575,20.119757595437598,24.946711922675085,16.7286288938312
204. 국회의사당역 5번출구 옆,st-50,2021-12-02T06:13:00Z,6.011967825440349,16.19031063426303,20.1476498581534,24.794205486155015,16.519088085247294
204. 국회의사당역 5번출구 옆,st-50,2021-12-02T06:14:00Z,6.667803523683565,16.587171953377833,20.276414712534756,24.837525528110223,16.776800139043992
204. 국회의사당역 5번출구 옆,st-50,2021-12-02T06:15:00Z,6.157069465949062,16.92669533280418,20.7006291352196,25.19966842554679,17.101419337788418
204. 국회의사당역 5번출구 옆,st-50,2021-12-02T06:16:00Z,6.064791775967382,16.68076637303661,21.77762071857912,25.17197623091274,16.991550761872258
204. 국회의사당역 5번출구 옆,st-50,2021-12-02T06:17:00Z,5.112914637291892,15.461031965008749,19.20299769070735,24.273020845051995,15.635032391009654
204. 국회의사당역 5번출구 옆,st-50,2021-12-02T06:18:00Z,6.179765163356904,16.371790302278466,20.291173944472185,24.988349821485144,16.65050828666814
204. 국회의사당역 5번출구 옆,st-50,2021-12-02T06:19:00Z,6.298172312314618,16.43909355564665,20.261535250214575,24.76034282900453,16.554954288691004
204. 국회의사당역 5번출구 옆,st-50,2021-12-02T06:20:00Z,6.055841898222481,16.462412224892194,20.27646910115641,25.08793202971337,16.65575416264788
204. 국회의사당역 5번출구 옆,st-50,2021-12-02T06:21:00Z,5.878430061804579,16.125563234839987,21.126830843317645,24.49340012131552,16.464498213045882
204. 국회의사당역 5번출구 옆,st-50,2021-12-02T06:22:00Z,6.306414269158983,16.50985941020642,20.240696509400177,25.007686054169085,16.765796787149874
204. 국회의사당역 5번출구 옆,st-50,2021-12-02T06:23:00Z,6.302237452683425,16.75771958615751,20.524456128372584,25.037258259226444,16.891279486413495
204. 국회의사당역 5번출구 옆,st-50,2021-12-02T06:24:00Z,6.213987038851828,16.85335892822896,20.587057973247546,25.237566487300093,16.933116676230902
204. 국회의사당역 5번출구 옆,st-50,2021-12-02T06:25:00Z,5.732601907212192,16.478114144082433,21.619636855483982,24.754181166013673,16.69840116471655
204. 국회의사당역 5번출구 옆,st-50,2021-12-02T06:26:00Z,6.4055340763946536,17.302049550354234,20.978347677801768,25.643916563857687,17.330364559176758
204. 국회의사당역 5번출구 옆,st-50,2021-12-02T06:27:00Z,6.037572237093244,16.525199618985734,21.679840889064177,24.91542084387449,16.70645256537461
204. 국회의사당역 5번출구 옆,st-50,2021-12-02T06:28:00Z,6.308867095322519,16.925401907022717,20.456183132495784,25.182943461149453,16.85967709836052
204. 국회의사당역 5번출구 옆,st-50,2021-12-02T06:29:00Z,6.156510005286789,16.533172008748327,20.35950367065761,24.942466491423676,16.68312117376108
204. 국회의사당역 5번출구 옆,st-50,2021-12-02T06:30:00Z,6.125443852698806,17.135251895703018,20.75625279917309,25.429773116167176,17.079374501047994
204. 국회의사당역 5번출구 옆,st-50,2021-12-02T06:31:00Z,6.578143631095592,17.10020389936893,20.840037411003653,25.53594870624495,17.169663253444234
204. 국회의사당역 5번출구 옆,st-50,2021-12-02T06:32:00Z,6.4420200970706425,16.88847784401865,20.647308330483348,25.30729139872156,16.964632392929783
204. 국회의사당역 5번출구 옆,st-50,2021-12-02T06:33:00Z,6.581354671397838,16.993726912040785,20.815508828736792,25.63002668537671,17.25099672349235
204. 국회의사당역 5번출구 옆,st-50,2021-12-02T06:34:00Z,6.243390854108064,17.128943617999184,22.233369097558736,25.48281649761944,17.27388000774836
204. 국회의사당역 5번출구 옆,st-50,2021-12-02T06:35:00Z,6.153829951135394,16.998686281584472,22.17359392871648,25.32888929207559,17.13733976453606
204. 국회의사당역 5번출구 옆,st-50,2021-12-02T06:36:00Z,6.261274404015129,16.802355312814882,20.414560327055963,25.185811289917645,16.74775240342624
204. 국회의사당역 5번출구 옆,st-50,2021-12-02T06:37:00Z,6.281679873126374,17.184980625525434,20.996944677906022,25.752790640707076,17.344719764775355
204. 국회의사당역 5번출구 옆,st-50,2021-12-02T06:38:00Z,6.487119529969725,16.98595026304558,20.79981021957401,25.47988680859535,17.084461389032974
204. 국회의사당역 5번출구 옆,st-50,2021-12-02T06:39:00Z,6.478900819675813,16.99245389864471,20.815669655380105,25.380812175691602,17.04473720961923
204. 국회의사당역 5번출구 옆,st-50,2021-12-02T06:40:00Z,5.949557728010608,17.213945391008483,20.982938824215466,25.6490227141635,17.29257013410411
204. 국회의사당역 5번출구 옆,st-50,2021-12-02T06:41:00Z,6.050703014689796,16.97719929269727,20.71985445196775,25.39596498279021,17.092012184226142
204. 국회의사당역 5번출구 옆,st-50,2021-12-02T06:42:00Z,5.987412049820452,16.65771803274373,20.266691280994173,24.926079988056756,16.585465193656507
204. 국회의사당역 5번출구 옆,st-50,2021-12-02T06:43:00Z,6.309792117234238,16.667990036339173,20.561963400792912,25.271115581519332,16.95908496712756
204. 국회의사당역 5번출구 옆,st-50,2021-12-02T06:44:00Z,6.43525697752259,17.03139193576554,20.938452818347034,25.561035860701004,17.131609821499477
204. 국회의사당역 5번출구 옆,st-50,2021-12-02T06:45:00Z,6.894835095824581,16.802963741242678,21.996077238240375,25.57993856628151,17.198180893133024
204. 국회의사당역 5번출구 옆,st-50,2021-12-02T06:46:00Z,6.483306778417786,16.98056884432888,22.171243455664445,25.691005799742335,17.271409877602103
204. 국회의사당역 5번출구 옆,st-50,2021-12-02T06:47:00Z,6.658584380922602,17.187885909541862,22.33995178421137,25.995092779944923,17.36196414916372
204. 국회의사당역 5번출구 옆,st-50,2021-12-02T06:48:00Z,6.7072306759970015,17.38214560305317,20.971658375312987,25.804178365937855,17.361085932963988
204. 국회의사당역 5번출구 옆,st-50,2021-12-02T06:49:00Z,7.143603596218278,17.431036777969574,21.012725412347926,25.78227115636846,17.445731305292874
204. 국회의사당역 5번출구 옆,st-50,2021-12-02T06:50:00Z,6.984376377955836,17.31910614813338,22.374993566395766,26.058465186745675,17.56367420707967
204. 국회의사당역 5번출구 옆,st-50,2021-12-02T06:51:00Z,6.926170875414398,16.970695064162346,20.85188626508109,25.610983914613076,17.060108142722413
204. 국회의사당역 5번출구 옆,st-50,2021-12-02T06:52:00Z,6.884144928823907,17.078902292940306,20.77584268708354,25.592785261882618,17.1370689167367
204. 국회의사당역 5번출구 옆,st-50,2021-12-02T06:53:00Z,6.983882319448217,17.338680888455215,21.197955875748622,25.899914649744925,17.444116308953628
204. 국회의사당역 5번출구 옆,st-50,2021-12-02T06:54:00Z,7.035469777029079,17.219189525476555,20.982806192844137,25.79776194714831,17.299289975067392
204. 국회의사당역 5번출구 옆,st-50,2021-12-02T06:55:00Z,7.192388434952583,17.256275158234335,22.223957498856606,25.91597854849144,17.463832720452054
204. 국회의사당역 5번출구 옆,st-50,2021-12-02T06:56:00Z,7.07719547258929,17.095017179441083,20.732619067142558,25.924727105190644,17.179455100069077
204. 국회의사당역 5번출구 옆,st-50,2021-12-02T06:57:00Z,7.065942577363295,17.23769726785636,21.141377656950823,25.737870570124112,17.3327951455332
204. 국회의사당역 5번출구 옆,st-50,2021-12-02T06:58:00Z,6.479056342723023,17.035094606308512,22.269601118328758,25.85690729102803,17.281512384659216
204. 국회의사당역 5번출구 옆,st-50,2021-12-02T06:59:00Z,6.967038464600869,17.120091232465942,22.127164120422744,25.717275538396215,17.355452557032862
204. 국회의사당역 5번출구 옆,st-50,2021-12-02T07:00:00Z,7.350022623623982,17.14047617469419,20.967546100257994,25.917471324681667,17.317404677517402
204. 국회의사당역 5번출구 옆,st-50,2021-12-02T07:01:00Z,6.921325428473105,17.239821230108458,22.359807148393106,26.02845860129856,17.505543621773803
204. 국회의사당역 5번출구 옆,st-50,2021-12-02T07:02:00Z,7.055186076384405,17.245259631901764,22.352120558473402,25.893887957403507,17.42777568135798
204. 국회의사당역 5번출구 옆,st-50,2021-12-02T07:03:00Z,7.05723488521129,17.177067171869705,21.189324384570206,25.8742755297269,17.437327557305256
204. 국회의사당역 5번출구 옆,st-50,2021-12-02T07:04:00Z,7.055199928501814,17.16926459576768,21.31509503791415,26.12941684622296,17.453067603692812
204. 국회의사당역 5번출구 옆,st-50,2021-12-02T07:05:00Z,7.289976440442558,17.410693186137085,22.60267192736153,26.599051066061104,17.659355258645952
204. 국회의사당역 5번출구 옆,st-50,2021-12-02T07:06:00Z,7.055963098833054,17.138991452006287,22.37685142113912,26.025776481278214,17.40417656662057
204. 국회의사당역 5번출구 옆,st-50,2021-12-02T07:07:00Z,6.769346944282638,17.219032882415807,20.94738947541533,25.588699928072202,17.226861420967158
204. 국회의사당역 5번출구 옆,st-50,2021-12-02T07:08:00Z,7.029521184598799,17.003459856809545,22.33938471456453,26.241450858132584,17.354592313475333
204. 국회의사당역 5번출구 옆,st-50,2021-12-02T07:09:00Z,7.231820914975457,17.380761322755202,22.603569570386824,26.689570723180402,17.72467058542316
204. 국회의사당역 5번출구 옆,st-50,2021-12-02T07:10:00Z,7.095968206991154,16.962765559281735,21.109854908564635,25.903762477495654,17.19943974980773
204. 국회의사당역 5번출구 옆,st-50,2021-12-02T07:11:00Z,7.48771013598167,17.458897646927543,22.47869274194719,26.40690385607131,17.62378802537057
204. 국회의사당역 5번출구 옆,st-50,2021-12-02T07:12:00Z,6.996268485413223,17.096752229950962,22.256258341204237,26.165417523869145,17.285524443575515
204. 국회의사당역 5번출구 옆,st-50,2021-12-02T07:13:00Z,7.440190243529624,17.094317815973685,22.44918217343125,26.09663092632839,17.421675407201317
204. 국회의사당역 5번출구 옆,st-50,2021-12-02T07:14:00Z,7.1028349477134105,17.200376541692318,21.09937510618304,26.01605406771263,17.182121180661788
204. 국회의사당역 5번출구 옆,st-50,2021-12-02T07:15:00Z,7.265992745063208,17.023233102113856,21.02286043705308,26.079396203233486,17.29897958520494
204. 국회의사당역 5번출구 옆,st-50,2021-12-02T07:16:00Z,6.7598479732639,17.04095689983183,21.011837387527226,25.823277890996735,17.113439817355594
204. 국회의사당역 5번출구 옆,st-50,2021-12-02T07:17:00Z,7.120107263755841,17.01267288970973,20.864417188199717,26.141987438617505,17.139977574606192
204. 국회의사당역 5번출구 옆,st-50,2021-12-02T07:18:00Z,7.004051525119985,17.20533065594722,21.224660336033658,25.900385315128062,17.303277330610058
204. 국회의사당역 5번출구 옆,st-50,2021-12-02T07:19:00Z,7.150106153852293,16.840509400976877,20.608336753336246,25.52872668753724,16.900931728238934
204. 국회의사당역 5번출구 옆,st-50,2021-12-02T07:20:00Z,7.120333554414123,17.193419012291894,21.114747612607243,26.215132640119226,17.27359273972974
204. 국회의사당역 5번출구 옆,st-50,2021-12-02T07:21:00Z,6.6420165199726355,16.604052905544584,20.501695220242382,25.443342080753148,16.65667507018919
204. 국회의사당역 5번출구 옆,st-50,2021-12-02T07:22:00Z,7.00020202419638,17.341712745045466,21.311366328112328,26.054610755179826,17.26455537683794
204. 국회의사당역 5번출구 옆,st-50,2021-12-02T07:23:00Z,6.787138138444983,17.010530825007017,22.28980349475321,26.18678779653845,17.255804873421802
204. 국회의사당역 5번출구 옆,st-50,2021-12-02T07:24:00Z,6.759044996734293,16.973976368284266,20.793465674296428,25.916705385250804,17.033390999452205
204. 국회의사당역 5번출구 옆,st-50,2021-12-02T07:25:00Z,7.000241441563069,16.952275997945474,20.806538632390552,25.978173554084474,17.08211035263711
204. 국회의사당역 5번출구 옆,st-50,2021-12-02T07:26:00Z,6.863997535885101,16.97689607252648,22.38623338130831,25.78480665852089,17.093486043828676
204. 국회의사당역 5번출구 옆,st-50,2021-12-02T07:27:00Z,6.960691076222604,17.038755499532215,20.92260579219991,25.76949610076464,17.078951734650346
204. 국회의사당역 5번출구 옆,st-50,2021-12-02T07:28:00Z,6.927033437622521,16.84001791365268,22.12495481860023,25.76922317599265,16.90605341647604
204. 국회의사당역 5번출구 옆,st-50,2021-12-02T07:29:00Z,7.02592383375543,17.305710879357118,21.25228552679748,26.121364696901733,17.372371700704452
204. 국회의사당역 5번출구 옆,st-50,2021-12-02T07:30:00Z,7.192847633073063,17.147033601495316,21.033617896834254,25.852719764849528,17.088686542765018
204. 국회의사당역 5번출구 옆,st-50,2021-12-02T07:31:00Z,7.192595563912905,17.083691239434845,20.885644345434265,25.910544479159874,16.994005113437474
204. 국회의사당역 5번출구 옆,st-50,2021-12-02T07:32:00Z,7.040790829778199,17.119884946047755,22.463740929114387,25.927182873918937,17.31548993081108
204. 국회의사당역 5번출구 옆,st-50,2021-12-02T07:33:00Z,7.111695282994562,16.893415311950772,20.71274492929352,25.631490136564217,16.768609379210286
204. 국회의사당역 5번출구 옆,st-50,2021-12-02T07:34:00Z,7.284592068856762,16.970872931082003,22.248445814865363,25.698822397285017,17.054459015269195
204. 국회의사당역 5번출구 옆,st-50,2021-12-02T07:35:00Z,7.03287225401659,17.308677933348992,21.03062066544104,25.94838896585166,17.329528747612983
204. 국회의사당역 5번출구 옆,st-50,2021-12-02T07:36:00Z,6.714446171563153,16.84978419830662,20.743658509465007,25.655954903724574,16.70503488295806
204. 국회의사당역 5번출구 옆,st-50,2021-12-02T07:37:00Z,7.083808731810004,17.129459478105876,21.199995799237303,26.108611776950006,17.292181413558836
204. 국회의사당역 5번출구 옆,st-50,2021-12-02T07:38:00Z,6.88443120356955,17.042755164209453,22.445052741720374,25.982731188395604,17.30918540381822
204. 국회의사당역 5번출구 옆,st-50,2021-12-02T07:39:00Z,7.110161032342334,17.18159873257038,21.23223003742529,26.077389847928405,17.300816159912593
204. 국회의사당역 5번출구 옆,st-50,2021-12-02T07:40:00Z,7.1329452217388445,17.21046527570887,22.548729297329512,26.187857992901563,17.419757917914808
204. 국회의사당역 5번출구 옆,st-50,2021-12-02T07:41:00Z,7.099489845031477,17.02609803680489,21.101417620286327,25.890505528314268,17.11558078403622
204. 국회의사당역 5번출구 옆,st-50,2021-12-02T07:42:00Z,7.115694671787463,17.156979414728,21.04467081335666,26.006511298656374,17.202027328856722
204. 국회의사당역 5번출구 옆,st-50,2021-12-02T07:43:00Z,7.460435824712874,17.022772748627506,21.05760886870334,25.947964082404596,17.07811503200064
204. 국회의사당역 5번출구 옆,st-50,2021-12-02T07:44:00Z,7.26670369127316,16.845066156849985,22.057713634297023,25.985750185807646,16.97881158680903
204. 국회의사당역 5번출구 옆,st-50,2021-12-02T07:45:00Z,7.250467459972622,16.897068348581186,20.962648459600246,25.89695262910407,17.122347510516587
204. 국회의사당역 5번출구 옆,st-50,2021-12-02T07:46:00Z,6.918544080163141,17.10867168424284,21.140831369585424,25.9313104060668,17.086778056922782
204. 국회의사당역 5번출구 옆,st-50,2021-12-02T07:47:00Z,7.293713130008676,17.016810551138715,22.409044544058794,26.363259469044756,17.35016363333285
204. 국회의사당역 5번출구 옆,st-50,2021-12-02T07:48:00Z,6.8906336860072885,16.907811697795907,20.92528009037555,25.88242603153557,16.95330913229476
204. 국회의사당역 5번출구 옆,st-50,2021-12-02T07:49:00Z,7.332209397723981,17.159184218226432,21.10669055255558,26.17574274854836,17.259668948520964
204. 국회의사당역 5번출구 옆,st-50,2021-12-02T07:50:00Z,7.648613454546922,17.245570210353208,22.47568669460732,26.157404027821386,17.433882960398673
204. 국회의사당역 5번출구 옆,st-50,2021-12-02T07:51:00Z,7.38114057705619,17.337169567704848,22.664777139908328,26.578261830735027,17.524879829072503
204. 국회의사당역 5번출구 옆,st-50,2021-12-02T07:52:00Z,7.573823083284536,17.228410625986918,20.890624998721695,26.00681834889418,17.172434656164416
204. 국회의사당역 5번출구 옆,st-50,2021-12-02T07:53:00Z,7.623229111242001,17.458460235305434,21.14735293478794,26.371686561921308,17.284701396072638
204. 국회의사당역 5번출구 옆,st-50,2021-12-02T07:54:00Z,7.724148245700123,17.05998433789883,20.8277926126273,26.0802823884979,17.109323814261447
204. 국회의사당역 5번출구 옆,st-50,2021-12-02T07:55:00Z,7.423678765830465,16.845577699407766,20.90530966252221,26.273037869548176,16.91113017575166
204. 국회의사당역 5번출구 옆,st-50,2021-12-02T07:56:00Z,7.98937911401152,17.55195387424535,21.72157188123221,26.635082370518496,17.677394813210555
204. 국회의사당역 5번출구 옆,st-50,2021-12-02T07:57:00Z,7.274834164535315,17.094708093085437,22.318437282965267,26.0057791872574,17.19498273201771
204. 국회의사당역 5번출구 옆,st-50,2021-12-02T07:58:00Z,7.682173936127906,17.29403632880244,22.539256979505424,26.626793307373248,17.520489197595666
204. 국회의사당역 5번출구 옆,st-50,2021-12-02T07:59:00Z,7.340003055233213,16.995828482401294,20.755238929497924,25.944101850345035,16.9562532246373
204. 국회의사당역 5번출구 옆,st-50,2021-12-02T08:00:00Z,7.341320965529057,17.261615214179688,21.355815157096416,26.198830693484485,17.303012501595745
204. 국회의사당역 5번출구 옆,st-50,2021-12-02T08:01:00Z,7.380197578108769,17.15347771258594,21.230314551081236,26.138027869011296,17.19696326528597
204. 국회의사당역 5번출구 옆,st-50,2021-12-02T08:02:00Z,7.818737080585791,17.443144778658755,22.892151298305393,26.79131073181173,17.704090236853705
204. 국회의사당역 5번출구 옆,st-50,2021-12-02T08:03:00Z,7.771956509911156,17.12213829662374,21.30140990214031,26.2945752790306,17.26692996605845
204. 국회의사당역 5번출구 옆,st-50,2021-12-02T08:04:00Z,7.170276065569006,17.119442228338347,21.47848937646906,26.82233619300479,17.351624888299526
204. 국회의사당역 5번출구 옆,st-50,2021-12-02T08:05:00Z,7.70856736736236,17.604846361824347,23.033945080888518,27.214535217401625,17.84922675124242
204. 국회의사당역 5번출구 옆,st-50,2021-12-02T08:06:00Z,7.630571472342682,17.3494329546095,22.796531630718526,26.732264250067235,17.541072408831777
204. 국회의사당역 5번출구 옆,st-50,2021-12-02T08:07:00Z,7.932218272828752,17.291083858630675,21.64871672942394,26.877179316619493,17.577047324092074
204. 국회의사당역 5번출구 옆,st-50,2021-12-02T08:08:00Z,7.3178909358230255,16.924064545503562,20.945910863766965,26.12942391307549,16.93514622737804
204. 국회의사당역 5번출구 옆,st-50,2021-12-02T08:09:00Z,7.838752707465117,17.18841438071458,22.782453808891184,26.73701407601379,17.46855843237689
204. 국회의사당역 5번출구 옆,st-50,2021-12-02T08:10:00Z,7.457195708388754,17.02493822944832,21.213244846887964,26.40156540395596,17.211133024072527
204. 국회의사당역 5번출구 옆,st-50,2021-12-02T08:11:00Z,7.819692450987395,17.071574935018262,21.298518333897363,26.285642494945293,17.264292978540624
204. 국회의사당역 5번출구 옆,st-50,2021-12-02T08:12:00Z,7.251848509829123,16.981827711375054,21.410179064417413,26.36039408234422,17.150350875977324
204. 국회의사당역 5번출구 옆,st-50,2021-12-02T08:13:00Z,7.635778808038607,17.19672435281806,21.48425258302034,26.39070246515619,17.283466576439046
204. 국회의사당역 5번출구 옆,st-50,2021-12-02T08:14:00Z,7.319318951011548,17.23179622353289,21.273360467510372,26.420307816317706,17.19266402101887
204. 국회의사당역 5번출구 옆,st-50,2021-12-02T08:15:00Z,7.271042481225141,16.816026253637553,20.949343852742736,25.983058564187345,16.79412069517116
204. 국회의사당역 5번출구 옆,st-50,2021-12-02T08:16:00Z,7.046695684082081,16.759314240855257,20.851801673122946,26.02232736164974,16.86966870455892
204. 국회의사당역 5번출구 옆,st-50,2021-12-02T08:17:00Z,7.4017973127218095,16.786263130118574,20.996223605946533,26.27036868502893,16.936271073947797
204. 국회의사당역 5번출구 옆,st-50,2021-12-02T08:18:00Z,7.421498050376176,17.124217385511084,22.560182392956996,26.564150962315928,17.233482751083752
204. 국회의사당역 5번출구 옆,st-50,2021-12-02T08:19:00Z,7.301563037139429,16.84875455479854,21.232511905996247,26.26621330996625,16.98199445251071
204. 국회의사당역 5번출구 옆,st-50,2021-12-02T08:20:00Z,7.1166659687484515,16.89264982501107,21.12202611482672,26.130016075109793,17.033246040148548
204. 국회의사당역 5번출구 옆,st-50,2021-12-02T08:21:00Z,7.171486086721693,16.81384889162865,20.954783066206453,26.18277648042139,16.825054930419565
204. 국회의사당역 5번출구 옆,st-50,2021-12-02T08:22:00Z,6.991445046777361,16.942459393538684,21.152505757926207,26.12391177463981,16.850672320257022
204. 국회의사당역 5번출구 옆,st-50,2021-12-02T08:23:00Z,6.944936865524799,17.054568845952875,21.061352826969348,25.87871990338122,16.930387291070048
204. 국회의사당역 5번출구 옆,st-50,2021-12-02T08:24:00Z,7.504280491185151,17.179351736014542,21.227408896105942,26.46244886570004,17.15980600793829
204. 국회의사당역 5번출구 옆,st-50,2021-12-02T08:25:00Z,7.487386444984569,17.115335736136885,21.187778231593057,26.433514714515923,17.105876257129026
204. 국회의사당역 5번출구 옆,st-50,2021-12-02T08:26:00Z,7.240935188734631,16.994756690960898,21.13789709136678,26.223995463000005,16.987495689576498
204. 국회의사당역 5번출구 옆,st-50,2021-12-02T08:27:00Z,7.213513287812761,16.998535265904145,21.21341633257408,26.390406374165277,17.049270269887
204. 국회의사당역 5번출구 옆,st-50,2021-12-02T08:28:00Z,7.412759422135103,17.16836027183119,21.35933531528574,26.38492523238945,17.097145034946678
